<?xml version="1.0" encoding="UTF-8"?>
<project-private xmlns="http://www.netbeans.org/ns/project-private/1">
    <editor-bookmarks xmlns="http://www.netbeans.org/ns/editor-bookmarks/2" lastBookmarkId="0"/>
    <open-files xmlns="http://www.netbeans.org/ns/projectui-open-files/2">
        <group>
            <file>file:/D:/Portfolio%20Design/My%20Github%20projects/JavaProject/LibraryManagementSystem/src/jframe/HomePage.java</file>
            <file>file:/D:/Portfolio%20Design/My%20Github%20projects/JavaProject/LibraryManagementSystem/src/jframe/IssueBookDetails.java</file>
            <file>file:/D:/Portfolio%20Design/My%20Github%20projects/JavaProject/LibraryManagementSystem/src/jframe/ManageStudents.java</file>
            <file>file:/D:/Portfolio%20Design/My%20Github%20projects/JavaProject/LibraryManagementSystem/src/jframe/IssueBook.java</file>
            <file>file:/D:/Portfolio%20Design/My%20Github%20projects/JavaProject/LibraryManagementSystem/src/jframe/LoginPage.java</file>
            <file>file:/D:/Portfolio%20Design/My%20Github%20projects/JavaProject/LibraryManagementSystem/src/jframe/DefaultersList.java</file>
            <file>file:/D:/Portfolio%20Design/My%20Github%20projects/JavaProject/LibraryManagementSystem/src/jframe/ViewAllRecord.java</file>
            <file>file:/D:/Portfolio%20Design/My%20Github%20projects/JavaProject/LibraryManagementSystem/src/jframe/ReturnBook.java</file>
            <file>file:/D:/Portfolio%20Design/My%20Github%20projects/JavaProject/LibraryManagementSystem/src/jframe/SignUpPage.java</file>
            <file>file:/D:/Portfolio%20Design/My%20Github%20projects/JavaProject/LibraryManagementSystem/src/jframe/ManageBooks.java</file>
        </group>
    </open-files>
</project-private>
